"Part Name,Ref Des,Var Status,Qty,PART_NUMBER,DESCRIPTION,MFG_PN,MANUFACTURER,PRT_NUMBER"
"10133694_101LF_TH-10133694-101LF,D1WF2,TH_SFP_SHLD_CAGE_AMPHENOL-10133694,AMPHENOL,""P1_S0_DIG0, P1_S1_DIG0"",Pref,2,D1WF2,SFP SHIELDING CAGE - PIN-IN-PASTE,10133694-101LF,AMPHENOL,D1WF2"
"1703820002_CONN-1703820002,470N6,MOLEX,SMT_CONN_SFP_2X10_1100X787X535,""J1_S0_DIG0, J1_S1_DIG0"",Pref,2,470N6,CON SFP28 20POS SMD,1703820002,MOLEX,470N6"
"2036_15_SM_RPLF_SMT-2036-15-SM-RPLF,VPW9J,SMT_GDT_730X500X500-3_DS,BOURNS,GDT1_DIG0,Pref,1,VPW9J,""GDT, 3-electrode, 150V"",2036-15-SM-RPLF,BOURNS,VPW9J"
"430450420_SMT-43045-0420,WP0M8,SMT_HDR_UFIT_VERT_2X2_965X737X1016,MOLEX,J1_DIG0,Pref,1,WP0M8,Micro Fit 3.0 vertical SMT dual row header,43045-0420,MOLEX,WP0M8"
"5054484031_SMT-5054484031,C4PT9,SMT_PLUG_ULOCK_2XROW_2X20_125P_RA,MOLEX,P1_DIG0,Pref,1,C4PT9,""40 Circuits 1.25mm Pitch, Micro-Lock Plus PCB Header, Dual Row, Positive Lock"",5054484031,MOLEX,C4PT9"
"553S_DFN-553SCMGI8,259CM,SON50P200X200X55-8_DS,RENESAS,U2_DIG0,Pref,1,259CM,CLK-BUFF 4XOUT W/OE 1.8-3.3V DFN-8,553SCMGI8,RENESAS,259CM"
"7N19471003_QFN-7N19471003,4HH2T,OSCCAV127X254P700X500X200-10_DS,TXC,U2_CG,Pref,1,4HH2T,""19.44MHZ TCXO, 3.3V,-40 to 105 degC"",7N19471003,TXC,4HH2T"
"7X54070001_SMT-7X54070001,C5VP4,OSCCC320X250X110_DS,TXC,54 MHZ,U3_CG,Pref,1,C5VP4,54 MHz XO -40 to 105 degC,7X54070001,TXC,C5VP4"
"ADP150_SOT-ADP150AUJZ-3.3-R7,0KK6W,SOT95P280X100-5N,ANALOG DEVICES,U6_CG,Pref,1,0KK6W,""3.3V Output, 150mA LDO, Input Range- 2.2V - 5.5V, TSOT"",ADP150AUJZ-3.3-R7,ANALOG DEVICES,0KK6W"
"AGFB027R24C213V_BGA-AGFB027R24C2I3V,NPR--NEEDED,BGA2340C159_046P4500X4200X368,INTEL,""U1_F0_DIG0,C3_F0_DIG0, C6_F0_DIG0, C7_F0_DIG0, C25_F0_DIG0, C43_F0_DIG0, C44_F0_DIG0, C49_F0_DIG0, C51_F0_DIG0,C1_F0_DIG0, C2_F0_DIG0, C8_F0_DIG0, C9_F0_DIG0, C18_F0_DIG0, C21_F0_DIG0, C23_F0_DIG0, C24_F0_DIG0, C26_F0_DIG0, C28_F0_DIG0, C30_F0_DIG0, C31_F0_DIG0, C57_F0_DIG0, C59_F0_DIG0, C62_F0_DIG0, C64_F0_DIG0, C81_F0_DIG0, C82_F0_DIG0, C83_F0_DIG0, C84_F0_DIG0, C85_F0_DIG0, C86_F0_DIG0, C87_F0_DIG0, C88_F0_DIG0, C89_F0_DIG0, C90_F0_DIG0, C91_F0_DIG0, C92_F0_DIG0"",Pref,37,NPR--NEEDED,Intel Agilex AGFB027 FPGA,AGFB027R24C2I3V,INTEL,NPR--NEEDED"
"BC849B_SOT23-BC849B,72PJD,SOT95P237X112-3N,NEXPERIA,""Q1_DIG0, Q2_DIG0, Q3_DIG0, Q4_DIG0, Q5_DIG0"",Pref,5,72PJD,TRANS SGNL NPN 45V SOT23,BC849B,NEXPERIA,72PJD"
"CAP_0201-100NF,10%,25V,X6S,9PY76,""C1_DIG0, C2_DIG0"",Pref,2,9PY76,?,?,?,9PY76"
"CAP_0201-100PF,10%,50V,X7R,77RWH,""C102_DC1, C113_DC1"",Pref,2,77RWH,?,?,?,77RWH"
"CAP_0201-2200PF,10%,16V,X7R,K1JR5,C114_DC1,Pref,1,K1JR5,?,?,?,K1JR5"
"CAP_0402-0.1UF,10%,50V,X7R,02DD2,""C1_S0_DIG0, C1_S1_DIG0, C2_S0_DIG0, C2_S1_DIG0, C3_CG, C3_DIG0, C4_CG, C4_F0_DIG0, C5_F0_DIG0, C5_S0_DIG0, C5_S1_DIG0, C6_S0_DIG0, C6_S1_DIG0, C7_CG-C20_CG, C7_S0_DIG0, C7_S1_DIG0, C8_DIG0, C9_DIG0, C10_DIG0, C12_DC1, C12_DIG0, C13_DIG0, C14_DIG0, C15_DIG0, C22_CG, C24_CG, C25_CG, C76_DC1, C104_DC1, C108_F0_DIG0, C109_F0_DIG0, C368_F0_DIG0, C369_F0_DIG0, C370_F0_DIG0, C371_F0_DIG0, C372_F0_DIG0, C373_F0_DIG0, C374_F0_DIG0"",Pref,38,02DD2,?,?,?,02DD2"
"CAP_0402-0.22UF,10%,25V,X7R,GH28P,""C67_DC1, C68_DC1"",Pref,2,GH28P,?,?,?,GH28P"
"CAP_0402-1000PF,10%,25V,X7R,M5273,C101_DC1,Pref,1,M5273,?,?,?,M5273"
"CAP_0402-1UF,10%,25V,X6S,H1KK1,""C4_DC1, C15_DC1, C16_DC1, C23_DC1, C24_DC1, C33_DC1, C56_DC1, C60_F0_DIG0, C61_F0_DIG0, C86_DC1, C109_DC1, C168_F0_DIG0, C169_F0_DIG0, C170_F0_DIG0, C171_F0_DIG0, C172_F0_DIG0, C173_F0_DIG0, C174_F0_DIG0, C175_F0_DIG0, C176_F0_DIG0, C177_F0_DIG0, C178_F0_DIG0, C179_F0_DIG0, C180_F0_DIG0, C181_F0_DIG0, C255_F0_DIG0, C256_F0_DIG0, C257_F0_DIG0, C258_F0_DIG0, C259_F0_DIG0, C260_F0_DIG0, C261_F0_DIG0, C262_F0_DIG0, C263_F0_DIG0"",Pref,34,H1KK1,?,?,?,H1KK1"
"CAP_0402-33NF,10%,50V,X7R,K83P4,""C42_DC1, C48_DC1, C60_DC1, C80_DC1"",Pref,4,K83P4,?,?,?,K83P4"
"CAP_0603-1UF,10%,50V,X7R,3PV59,""C44_DC1, C83_DC1"",Pref,2,3PV59,?,?,?,3PV59"
"CAP_0805-10UF,20%,25V,X6S,D19DC,""C38_DC1, C39_DC1, C40_DC1"",Pref,3,D19DC,?,?,?,D19DC"
"CAP_0805-22UF,20%,25V,X5R,FRX52,""C3_S0_DIG0, C3_S1_DIG0, C4_S0_DIG0, C4_S1_DIG0, C8_S0_DIG0, C8_S1_DIG0"",Pref,6,FRX52,?,?,?,FRX52"
"CAP_0805-4.7UF,10%,50V,X6S,5HP01,""C20_DC1, C78_DC1"",Pref,2,5HP01,?,?,?,5HP01"
"CAP_1206-100UF,20%,4V,X6S,YFN6X,""C27_DC1, C43_DC1, C79_DC1, C82_DC1"",Pref,4,YFN6X,?,?,?,YFN6X"
"CAP_PHOENIX_0201-0.1UF,10%,16V,X6S,0WNYT,GRM033C81C104KE14,""C12_F0_DIG0, C63_F0_DIG0"",Pref,2,0WNYT,?,GRM033C81C104KE14,?,0WNYT"
"CAP_PHOENIX_0201-15PF,1%,50V,C0G,3R6D6,GRM0335C1H150FA01,""C26_CG, C27_CG"",Pref,2,3R6D6,?,GRM0335C1H150FA01,?,3R6D6"
"CAP_PHOENIX_0402-0.015UF,10%,50V,X7R,2XJJ9,C1005X7R1H153K050BB,""C4_DIG0, C5_DIG0, C6_DIG0, C7_DIG0"",Pref,4,2XJJ9,?,C1005X7R1H153K050BB,?,2XJJ9"
"CAP_PHOENIX_0402-1.0UF,10%,6.3V,X7R,5P7XC,04026C105KAT2A,C49_CG-C62_CG,Pref,1,5P7XC,?,04026C105KAT2A,?,5P7XC"
"CAP_PHOENIX_0402-10000PF,10%,25V,X7R,2VYCF,C0402C103K3RACTU,""C105_DC1, C106_DC1, C107_DC1, C108_DC1, C111_DC1"",Pref,5,2VYCF,?,C0402C103K3RACTU,?,2VYCF"
"CAP_PHOENIX_0402-10NF,10%,25V,X7R,NM636,GRM155R71E103KA01D,""C5_CG, C6_CG, C45_CG-C48_CG"",Pref,3,NM636,?,GRM155R71E103KA01D,?,NM636"
"CAP_PHOENIX_0402-10UF,20%,6.3V,X6S,VDP6K,GRM155C80J106ME11D,""C19_F0_DIG0, C20_F0_DIG0, C22_F0_DIG0, C45_F0_DIG0, C46_F0_DIG0, C47_F0_DIG0, C48_F0_DIG0, C50_F0_DIG0, C52_F0_DIG0, C53_F0_DIG0, C54_F0_DIG0, C55_F0_DIG0, C56_F0_DIG0, C65_F0_DIG0, C66_F0_DIG0, C67_F0_DIG0, C68_F0_DIG0, C69_F0_DIG0, C70_F0_DIG0, C71_F0_DIG0, C72_F0_DIG0, C73_F0_DIG0, C74_F0_DIG0, C75_F0_DIG0, C76_F0_DIG0, C77_F0_DIG0, C78_F0_DIG0, C79_F0_DIG0, C80_F0_DIG0"",Pref,29,VDP6K,?,GRM155C80J106ME11D,?,VDP6K"
"CAP_PHOENIX_0402-1UF,10%,10V,X7R,4JJ5W,GRM155Z71A105KE01,""C1_CG, C2_CG, C90_DC1, C96_DC1, C100_DC1"",Pref,5,4JJ5W,?,GRM155Z71A105KE01,?,4JJ5W"
"CAP_PHOENIX_0402-4700PF,10%,50V,X7R,DJVF5,C0402C472K5RACTU,""C9_DC1, C31_DC1, C81_DC1, C88_DC1, C89_DC1, C110_DC1, C266_F0_DIG0, C267_F0_DIG0, C268_F0_DIG0, C269_F0_DIG0"",Pref,10,DJVF5,?,C0402C472K5RACTU,?,DJVF5"
"CAP_PHOENIX_0402-470PF,10%,16V,X7R,9H44H,C0402C471K4RAC,""C95_DC1, C99_DC1, C112_DC1"",Pref,3,9H44H,?,C0402C471K4RAC,?,9H44H"
"CAP_PHOENIX_0603-22UF,20%,6.3V,X6S,V067F,GRM188C80J226ME15,""C6_DC1, C28_DC1, C29_DC1, C35_DC1, C36_DC1, C37_DC1, C41_DC1, C47_DC1, C49_DC1, C50_DC1, C53_DC1, C55_DC1, C57_DC1, C58_F0_DIG0, C61_DC1, C93_DC1, C94_DC1"",Pref,17,V067F,?,GRM188C80J226ME15,?,V067F"
"CAP_PHOENIX_0603-4.7UF,10%,6.3V,X7R,494DT,JMK107BB7475KA-T,""C19_DC1, C77_DC1"",Pref,2,494DT,?,JMK107BB7475KA-T,?,494DT"
"CAP_PHOENIX_0805-100UF,20%,4V,X6S,GVCJP,GRM21BC80G107ME15L,""C10_DC1, C10_F0_DIG0, C11_F0_DIG0, C13_F0_DIG0, C14_F0_DIG0, C15_F0_DIG0, C16_F0_DIG0, C17_DC1, C17_F0_DIG0, C18_DC1, C27_F0_DIG0, C29_F0_DIG0, C32_F0_DIG0, C33_F0_DIG0, C34_DC1, C34_F0_DIG0, C35_F0_DIG0, C36_F0_DIG0, C37_F0_DIG0, C38_F0_DIG0, C39_F0_DIG0, C40_F0_DIG0, C41_F0_DIG0, C42_F0_DIG0, C54_DC1"",Pref,25,GVCJP,?,GRM21BC80G107ME15L,?,GVCJP"
"CAP_PHOENIX_0805-4.7UF,20%,10V,X7R,86W3C,0805ZC475MAT2A,C63_CG-C65_CG,Pref,1,86W3C,?,0805ZC475MAT2A,?,86W3C"
"CAP_PHOENIX_1206-22UF,10%,25V,X6S,M8TPX,GRM31CC81E226KE11L,""C1_DC1, C2_DC1, C3_DC1, C5_DC1, C7_DC1, C8_DC1, C11_DC1, C13_DC1, C14_DC1, C21_DC1, C22_DC1, C25_DC1, C26_DC1, C30_DC1, C32_DC1, C52_DC1, C62_DC1, C63_DC1, C65_DC1, C66_DC1, C69_DC1, C72_DC1, C73_DC1, C74_DC1, C75_DC1, C87_DC1"",Pref,26,M8TPX,?,GRM31CC81E226KE11L,?,M8TPX"
"CAP_PHOENIX_1210-22UF,10%,25V,X7R,KC4YT,GRM32ER71E226KE15L,C66_CG-C68_CG,Pref,1,KC4YT,?,GRM32ER71E226KE15L,?,KC4YT"
"CAP_PHOENIX_1210-330UF,20%,2.5V,X6S,9TCND,GRM32EC80E337ME05L,""C45_DC1, C46_DC1, C84_DC1, C85_DC1"",Pref,4,9TCND,?,GRM32EC80E337ME05L,?,9TCND"
"CAP_POLAR_PHOENIX_SMT-470UF,20%,25V,ALUM_E,P9D22,EEEFK1E471AP,""CP1_DC1, CP3_DC1"",Pref,2,P9D22,?,EEEFK1E471AP,?,P9D22"
"CAP_POLAR_PHOENIX_SMT-820UF,20%,6.3V,ALUM_E,G2XT0,6SVPC820M,""CP2_DC1, CP4_DC1"",Pref,2,G2XT0,?,6SVPC820M,?,G2XT0"
"DIODE_2PINS_PHOENIX_SMA_ZENER-H2X4Y,ESD8351,CR6_DIG0,Pref,1,H2X4Y,?,ESD8351,?,H2X4Y"
"FERRITE_0603-16N9G,220OHM,""L2_DC1, L5_DC1, L6_DC1, L11_DC1, L16_DC1, L17_DC1"",Pref,6,16N9G,?,?,?,16N9G"
"FERRITE_PHOENIX_0603-JGHN0,100OHM,BLM18KG101TN1D,""L3_DC1, L7_DC1, L13_DC1, L15_DC1"",Pref,4,JGHN0,?,BLM18KG101TN1D,?,JGHN0"
"FS1403_SERIES_SMT-FS1403-3300,G1FXY,FS1403_MICRO_POL_17PINS_3300X3300X162,TDK,3.3,U6_DC1,Pref,1,G1FXY,DC DC CONVERTER 3.3V,FS1403-3300,TDK,G1FXY"
"FS1403_SERIES_SMT-FS1403-5000,DM84K,FS1403_MICRO_POL_17PINS_3300X3300X162,TDK,5.0,U5_DC1,Pref,1,DM84K,DC DC CONVERTER 5.0V,FS1403-5000,TDK,DM84K"
"FS1406_SERIES_SMT-FS1406-0600,V9RM0,FS1406_MICRO_POL_17PINS_3300X3300X162,TDK,0.60,""U4_DC1, U8_DC1"",Pref,2,V9RM0,INTEGRATED BUCK REGULATOR 0.6V,FS1406-0600,TDK,V9RM0"
"FS1406_SERIES_SMT-FS1406-1200,XX0JC,FS1406_MICRO_POL_17PINS_3300X3300X162,TDK,1.20,U3_DC1,Pref,1,XX0JC,INTEGRATED BUCK REGULATOR 1.2V,FS1406-1200,TDK,XX0JC"
"FS1406_SERIES_SMT-FS1406-1800,TG0HT,FS1406_MICRO_POL_17PINS_3300X3300X162,TDK,1.80,U1_DC1,Pref,1,TG0HT,INTEGRATED BUCK REGULATOR 1.8V,FS1406-1800,TDK,TG0HT"
"INDUCTOR_PHOENIX_SMT-3FCHN,22R,,BLM18SN220TZ1D,""L1_DC1, L1_F0_DIG0, L2_F0_DIG0, L3_F0_DIG0, L4_DC1, L4_F0_DIG0, L5_F0_DIG0, L6_F0_DIG0, L7_F0_DIG0, L8_F0_DIG0, L9_F0_DIG0, L10_F0_DIG0, L12_DC1, L18_DC1"",Pref,14,3FCHN,?,BLM18SN220TZ1D,?,3FCHN"
"INDUCTOR_PHOENIX_SMT-NW2JJ,4.7UH,20%,LQH44PN4R7MP0L,""L1_S0_DIG0, L1_S1_DIG0, L2_S0_DIG0, L2_S1_DIG0"",Pref,4,NW2JJ,?,LQH44PN4R7MP0L,?,NW2JJ"
"INDUCTOR_SMT-F862H,4.7UH,20%,L14_DC1,Pref,1,F862H,?,?,?,F862H"
"ISO1410BDWR_SOIC-ISO1410BDWR,T5G11,SOIC127P1030X265-16_DS,TI,U1_DIG0,Pref,1,T5G11,Isolated RS-485/RS-422 Transceiver half-duplex,ISO1410BDWR,TI,T5G11"
"K4F8E3S4HD_BGA-K4F8E3S4HD-GHCL,X1Y62,BGA200C65X80P22X12_1500X1000X114N,SAMSUNG,U4_F0_DIG0,Pref,1,X1Y62,LPDDR4 200 BALLS BGA,K4F8E3S4HD-GHCL,SAMSUNG,X1Y62"
"KT11P4SA2M35LFG_SMT-KT11P4SA2M35LFG,PD27X,SMT_SW_4PINS_SA2M_KT11SERIES_711H,C&K,S1_DIG0,Pref,1,PD27X,Right Angle Hard 3.96mm Actuator SMT Sealed Tact switch,KT11P4SA2M35LFG,C&K,PD27X"
"LED_0603-1W32J,GREEN,CR1_DC1,Pref,1,1W32J,?,?,?,1W32J"
"LED_PHOENIX_SMT-6MYT0,GREEN,LT T64G-EAFB-29-N424,""CR2_DIG0, CR4_DIG0, CR5_DIG0"",Pref,3,6MYT0,?,LT T64G-EAFB-29-N424,?,6MYT0"
"LED_PHOENIX_SMT-857HP,BLUE,LB T64G-AACB-59-Z484,CR3_DIG0,Pref,1,857HP,?,LB T64G-AACB-59-Z484,?,857HP"
"LED_PHOENIX_SMT-R99GC,YELLOW,LY T64F-CADB-46-1-Z,CR1_DIG0,Pref,1,R99GC,?,LY T64F-CADB-46-1-Z,?,R99GC"
"LP3982_WSON_WSON-LP3982ILDX-ADJ/NOPB,HVWYG,PSON50P250X300X80-9_DS,TI,""U9_DC1, U14_DC1"",Pref,2,HVWYG,""1.25V - 6.0V adj. LDO, 300mA"",LP3982ILDX-ADJ/NOPB,TI,HVWYG"
"MAX15102_BGA-MAX15102EWL+,32M06,BGA15C50P3X5_157X265X69N,MAXIM,""U4_CG, U5_CG"",Pref,2,32M06,""2A LDO, Input Range- 1.7 - 5.5V, Output Range- 0.6V - 5.2V , WLP package"",MAX15102EWL+,MAXIM,32M06"
"MAX4784EUE_VARIANT_TSSOP-MAX4784EUE+,H1Y0K,SOP65P640X120-16N,MAXIM,""U11_DIG0, U12_DIG0"",Pref,2,H1Y0K,""Low Voltage, Quad 2:1 Analog Multiplexer"",MAX4784EUE+,MAXIM,H1Y0K"
"MT25QU01GBBB_BGA-MT25QU01GBBB8E12-0AUT,KR3Y3,BGA24C100P5X5_800X600X120_DS,MICRON,U2_F0_DIG0,Pref,1,KR3Y3,NOR Flash 128MB,MT25QU01GBBB8E12-0AUT,MICRON,KR3Y3"
"NPN_SOT23-JXTFM,Q1_DC1,Pref,1,JXTFM,?,?,?,JXTFM"
"PCA6408A_QFN-PCA6408ABSHP,G47NX,QFN50P300X300X100-17N,NXP,U12_F0_DIG0,Pref,1,G47NX,8-bit I2C-bus I/O expander,PCA6408ABSHP,NXP,G47NX"
"R3200L052B_E2_DFN-R3200L052B-E2,JXKFN,PSON40P160X120X40-9N,RICOH ELECTRONIC,U8_DIG0,Pref,1,JXKFN,IC SUPERVISOR 1 CHANNEL 8DFN,R3200L052B-E2,RICOH ELECTRONIC,JXKFN"
"R3200L064A_E2_DFN-R3200L064A-E2,0JTJ6,PSON40P160X120X40-9N,RICOH ELECTRONIC,U9_DIG0,Pref,1,0JTJ6,""IC SUPERVISOR 1 CHANNEL 8DFN, 3 second delay"",R3200L064A-E2,RICOH ELECTRONIC,0JTJ6"
"RES_0201-100K,0.5%,1/20W,08JWD,""R15_DC1, R58_DC1"",Pref,2,08JWD,?,?,?,08JWD"
"RES_0201-100K,1%,1/20W,XT7XF,""R26_DC1, R60_DC1"",Pref,2,XT7XF,?,?,?,XT7XF"
"RES_0201-12.7K,1%,1/20W,MN6J2,""R43_DC1, R61_DC1"",Pref,2,MN6J2,?,?,?,MN6J2"
"RES_0201-133K,1%,1/20W,K7V69,R74_DC1,Pref,1,K7V69,?,?,?,K7V69"
"RES_0201-1K,1%,1/20W,RCM9X,""R8_DC1, R130_DC1"",Pref,2,RCM9X,?,?,?,RCM9X"
"RES_0201-20K,1%,1/20W,5XY6C,""R7_DC1, R14_DC1, R17_DC1, R27_DC1, R33_DC1, R35_DC1, R38_DC1, R46_DC1, R51_DC1, R53_DC1, R57_DC1, R67_DC1, R75_DC1"",Pref,13,5XY6C,?,?,?,5XY6C"
"RES_0201-232K,0.5%,1/20W,9F8PV,""R36_DC1, R102_DC1"",Pref,2,9F8PV,?,?,?,9F8PV"
"RES_0201-240,1%,1/20W,Y344V,R11_F0_DIG0,Pref,1,Y344V,?,?,?,Y344V"
"RES_0201-28.7K,1%,1/20W,0R0P8,R109_DC1,Pref,1,0R0P8,?,?,?,0R0P8"
"RES_0201-4.7K,1%,1/20W,8TG2G,R113_DC1,Pref,1,8TG2G,?,?,?,8TG2G"
"RES_0201-51.1K,1%,1/20W,KR0X1,R9_DC1,Pref,1,KR0X1,?,?,?,KR0X1"
"RES_0201-63.4K,0.5%,1/20W,H78D5,R52_DC1,Pref,1,H78D5,?,?,?,H78D5"
"RES_0402-1.0,1%,1/10W,HG8R6,""R5_DC1, R18_DC1, R19_DC1, R21_DC1, R28_DC1, R30_DC1, R34_DC1, R37_DC1, R41_DC1, R63_DC1, R131_DC1, R132_DC1, R133_DC1"",Pref,13,HG8R6,?,?,?,HG8R6"
"RES_0402-100,1%,1/16W,X5FPX,""R10_DC1, R12_DC1, R31_CG, R32_CG, R54_DC1, R55_DC1, R77_DC1, R78_DC1, R96_DC1, R97_DC1, R100_DC1, R101_DC1, R105_DC1, R107_DC1"",Pref,14,X5FPX,?,?,?,X5FPX"
"RES_0402-100K,0.5%,1/16W,87WWH,R108_DC1,Pref,1,87WWH,?,?,?,87WWH"
"RES_0402-100K,1%,1/16W,6R533,""R54_DIG0, R57_DIG0, R125_DC1, R129_DC1"",Pref,4,6R533,?,?,?,6R533"
"RES_0402-10K,1%,1/16W,8GGX7,""R4_CG, R4_DIG0, R9_F0_DIG0, R10_F0_DIG0, R23_DC1, R29_DC1, R31_F0_DIG0, R32_F0_DIG0, R33_CG, R34_CG, R34_F0_DIG0, R37_F0_DIG0, R43_F0_DIG0, R46_F0_DIG0, R49_CG, R49_DIG0, R50_DIG0, R51_DIG0, R52_DIG0, R82_F0_DIG0, R83_F0_DIG0, R121_DC1, R123_DC1, R124_DC1"",Pref,24,8GGX7,?,?,?,8GGX7"
"RES_0402-10K,1%,1/16W,N1256,""R4_F0_DIG0, R7_F0_DIG0, R8_F0_DIG0, R13_F0_DIG0, R14_F0_DIG0"",Pref,5,N1256,?,?,?,N1256"
"RES_0402-12.7K,0.1%,1/16W,TTGNR,""R47_DC1, R69_DC1"",Pref,2,TTGNR,?,?,?,TTGNR"
"RES_0402-31.6K,1%,1/16W,67D05,""R45_DC1, R62_DC1"",Pref,2,67D05,?,?,?,67D05"
"RES_0402-31.6K,1%,1/16W,NM1D9,R42_DC1,Pref,1,NM1D9,?,?,?,NM1D9"
"RES_0402-33,1%,1/16W,G282J,""R58_F0_DIG0, R59_F0_DIG0, R60_F0_DIG0, R62_F0_DIG0, R64_F0_DIG0"",Pref,5,G282J,?,?,?,G282J"
"RES_0402-4.7K,1%,1/16W,9DHJH,""R15_F0_DIG0, R16_F0_DIG0, R17_F0_DIG0, R18_F0_DIG0, R19_F0_DIG0, R20_F0_DIG0"",Pref,6,9DHJH,?,?,?,9DHJH"
"RES_0402-470,1%,1/16W,NHK5W,""R6_DC1, R91_DC1"",Pref,2,NHK5W,?,?,?,NHK5W"
"RES_0402-487K,0.1%,1/16W,J00M7,R135_DC1,Pref,1,J00M7,?,?,?,J00M7"
"RES_0402-7.06K,0.5%,1/16W,X8Y82,""R11_DC1, R13_DC1, R82_DC1, R110_DC1"",Pref,4,X8Y82,?,?,?,X8Y82"
"RES_0603-0,1%,1/20W,Y979J,""R136_DC1,R6_CG-R22_CG"",Pref,2,Y979J,?,?,?,Y979J"
"RES_0805-0,5%,1/5W,W8180,L19_DC1,Pref,1,W8180,?,?,?,W8180"
"RES_PHOENIX-1K,1%,1/16W,0402,5,""R23_CG,R3_DIG0, R7_DIG0, R22_DIG0, R25_DIG0, R26_CG, R27_DIG0, R28_CG, R29_CG, R29_DIG0"",Pref*,10,5KNJ5,?,RC0402FR-071KL,?,5KNJ5"
"RES_PHOENIX_0201-0R,JUMPER,1/20W,NTPXG, RC0201JR-070RL,""R39_F0_DIG0, R40_F0_DIG0"",Pref,2,NTPXG,?, RC0201JR-070RL,?,NTPXG"
"RES_PHOENIX_0402-0R,JUMPER,1/16W,K5TR2,RC0402JR-070RL,""R1_DIG0, R2_CG, R3_CG, R21_DIG0, R23_DIG0, R24_CG, R25_CG, R27_CG, R28_DIG0, R38_DIG0, R40_DIG0, R43_DIG0, R47_DIG0, R48_DIG0, R53_DIG0, R55_DIG0, R56_DIG0, R59_DIG0, R60_DIG0, R61_DIG0, R63_DIG0, R65_DIG0, R66_DIG0, R69_DIG0, R70_DIG0, R71_DIG0, R72_DIG0, R80_DC1, R81_DC1, R88_DC1, R89_DC1"",Pref,31,K5TR2,?,RC0402JR-070RL,?,K5TR2"
"RES_PHOENIX_0402-1.5K,1%,1/16W,JHNY5,RC0402FR-071K5L,""R104_DC1, R106_DC1"",Pref,2,JHNY5,?,RC0402FR-071K5L,?,JHNY5"
"RES_PHOENIX_0402-10K,0.1%,1/16W,PM9KF,CPF0402B10KE1,""R98_DC1, R120_DC1"",Pref,2,PM9KF,?,CPF0402B10KE1,?,PM9KF"
"RES_PHOENIX_0402-160R,1%,1/16W,YNT60,CRCW0402160RFKED,""R70_F0_DIG0, R71_F0_DIG0"",Pref,2,YNT60,?,CRCW0402160RFKED,?,YNT60"
"RES_PHOENIX_0402-1K24,1%,1/16W,W9YPD,RC0402FR-071K24L,R35_CG,Pref,1,W9YPD,?,RC0402FR-071K24L,?,W9YPD"
"RES_PHOENIX_0402-1K58,1%,1/10W,UP057,RK73H1ETTP1581F,""R56_DC1, R76_DC1,R11_DIG0, R15_DIG0, R17_DIG0"",Pref,5,UP057,?,RK73H1ETTP1581F,?,UP057"
"RES_PHOENIX_0402-200R,1%,1/10W,GW7MK,RK73H1ETTP2000F,""R9_DIG0, R13_DIG0"",Pref,2,GW7MK,?,RK73H1ETTP2000F,?,GW7MK"
"RES_PHOENIX_0402-20K,1%,1/16W,1W043,RC0402FR-0720KL,R22_DC1,Pref,1,1W043,?,RC0402FR-0720KL,?,1W043"
"RES_PHOENIX_0402-2K,1%,1/16W,235FT,RC0402FR-072KL,R21_F0_DIG0,Pref,1,235FT,?,RC0402FR-072KL,?,235FT"
"RES_PHOENIX_0402-2K2,1%,1/16W,P584C,RC0402FR-072K2L,""R33_F0_DIG0, R61_F0_DIG0"",Pref,2,P584C,?,RC0402FR-072K2L,?,P584C"
"RES_PHOENIX_0402-2K8,1%,1/16W,1RPR0,RC0402FR-072K8L,R37_CG,Pref,1,1RPR0,?,RC0402FR-072K8L,?,1RPR0"
"RES_PHOENIX_0402-33R,1%,1/16W,WG4NN,CRCW040233R0FKED,""R1_DC1, R2_DC1, R18_DIG0, R19_DIG0, R48_CG, R84_DC1, R85_DC1"",Pref,7,WG4NN,?,CRCW040233R0FKED,?,WG4NN"
"RES_PHOENIX_0402-4K75,1%,1/16W,DKC3K,RC0402FR-074K75L,""R1_F0_DIG0, R2_F0_DIG0, R2_S0_DIG0, R2_S1_DIG0, R3_F0_DIG0, R4_S0_DIG0, R4_S1_DIG0, R5_F0_DIG0, R5_S0_DIG0, R5_S1_DIG0, R6_F0_DIG0, R7_S0_DIG0, R7_S1_DIG0, R12_F0_DIG0, R20_DIG0, R23_F0_DIG0, R24_F0_DIG0, R25_F0_DIG0, R26_F0_DIG0, R35_F0_DIG0, R36_F0_DIG0, R39_DIG0, R41_F0_DIG0, R42_DIG0, R42_F0_DIG0, R48_F0_DIG0, R50_F0_DIG0, R52_F0_DIG0, R73_F0_DIG0, R74_F0_DIG0, R76_F0_DIG0, R77_F0_DIG0, R78_F0_DIG0, R79_F0_DIG0, R84_F0_DIG0, R85_F0_DIG0, R86_F0_DIG0, R114_DC1, R115_DC1, R116_DC1, R117_DC1"",Pref,41,DKC3K,?,RC0402FR-074K75L,?,DKC3K"
"RES_PHOENIX_0402-619R,1%,1/10W,N0GJ9,RK73H1ETTP6190F,""R36_CG, R38_CG"",Pref,2,N0GJ9,?,RK73H1ETTP6190F,?,N0GJ9"
"RES_PHOENIX_0603-11K8,0.1%,1/8W,MP2PC,TNPW060311K8BEEA,R119_DC1,Pref,1,MP2PC,?,TNPW060311K8BEEA,?,MP2PC"
"RES_PHOENIX_0603-18K7,0.1%,1/6W,2XKHM ,2-2176089-3,R127_DC1,Pref,1,2XKHM ,?,2-2176089-3,?,2XKHM "
"RES_PHOENIX_0805-120R,1%,1/8W,6RH09,RC0805FR-07120RL,R5_DIG0,Pref,1,6RH09,?,RC0805FR-07120RL,?,6RH09"
"SI5518_QFN-SI5518B-B14110-GM,WYX2H,QFN50P1000X1000X90-73_DS,SILICON LABS,U1_CG,Pref,1,WYX2H,""IC,CLK-GEN,OTP,18OUT,5G,QFN72 "",SI5518B-B14110-GM,SILICON LABS,WYX2H"
"SN74AVC4T774PWR_TSSOP-SN74AVC4T774PWR,4MJ87,SOP65P640X120-16N,TI,""U6_F0_DIG0, U9_F0_DIG0"",Pref,2,4MJ87,Voltage Level Translator Bidirectional Circuit 4 Channel 380Mbps 16-TSSOP,SN74AVC4T774PWR,TI,4MJ87"
"SN74LVC1G125_SC70-SN74LVC1G125DCKR,V5T4X,SOT65P210X110-5_DS,TI,""U10_DIG0, U13_DIG0"",Pref,2,V5T4X,""XCVR,1G125,SINGLEGATE,BUFF,3SO"",SN74LVC1G125DCKR,TI,V5T4X"
"SN74LVC3G07DCUR_VSSOP-SN74LVC3G07DCUR,56J0H,SOP50P310X90-8_DS,TI,""U7_F0_DIG0, U10_F0_DIG0"",Pref,2,56J0H,IC BUFFER NON-INVERT 1.65V...5.5V 8VSSOP,SN74LVC3G07DCUR,TI,56J0H"
"TBU_RS085_300_WH_DFN-TBU-RS085-300-WH,7KX8Y,DFN7_800X550X100_DS,BOURNS,U7_DIG0,Pref,1,7KX8Y,RS-485 TBU-TVS Dual Channel Protector,TBU-RS085-300-WH,BOURNS,7KX8Y"
"TCA9548A_VQFN24-TP0V8,U11_F0_DIG0,Pref,1,TP0V8,?,?,?,TP0V8"
"TMP1075_SOP-TMP1075DGKT,TXCYP,SOP65P490X110-8N_DS,TI,""U3_DIG0, U5_DIG0, U6_DIG0, U14_DIG0"",Pref,4,TXCYP,SENSOR DIGITAL -55C-125C 8VSSOP,TMP1075DGKT,TI,TXCYP"
"TMUX1309_TSSOP16-TMUX1309PWR,FHDFF,SOP65P640X120-16N,TI,U3_F0_DIG0,Pref,1,FHDFF,""Multiplexer Switch ICs 2-channel, 4:1 general-purpose multiplexer 1.8-V logic 16-TSSOP -40 to 125"",TMUX1309PWR,TI,FHDFF"
"TPS22924CYZPR_BGA-TPS22924CYZPR,VH9G5,BGA6C50P3X2_138X88X50N,TI,""U13_DC1, U19_DC1"",Pref,2,VH9G5,load-sw 2A,TPS22924CYZPR,TI,VH9G5"
"TPS22950YBHR_BGA-TPS22950YBHR,PW7HN,BGA6N40P2X3_070X110X040_DS,TI,""U1_S0_DIG0, U1_S1_DIG0"",Pref,2,PW7HN,Power Switch/Driver 1:1 P-Channel 2.7A 6-DSBGA (1.11x0.71),TPS22950YBHR,TI,PW7HN"
"TPS386596_SOP-TPS386596,THM3G,SOP65P490X110-8N_DS,TI,U20_DC1,Pref,1,THM3G,Quad voltage supervisor with manual reset Input,TPS386596,TI,THM3G"
"TPS63710_SON-TPS63710DRRR,W39G0,SON50P300X300X080-13N_T150X250_DS,TI,U17_DC1,Pref,1,W39G0,""voltage inverter, 1A, 3.1V to14V in"",TPS63710DRRR,TI,W39G0"
"TPS82130_DFN-TPS82130SILR,TV21H,DFN65P280X300X153-9N,TI,""U2_DC1, U7_DC1, U11_DC1"",Pref,3,TV21H,DCDC Converter module,TPS82130SILR,TI,TV21H"
"TPSM846C24_QFN-TPSM846C24,8C21G,QFM080P1500X1600X640-59_DS,TI,""U10_DC1, U18_DC1"",Pref,2,8C21G,DCDC CONVERTER 0.5-2V,TPSM846C24,TI,8C21G"
"TS3A27518E_QFN-TS3A27518ETRTWRQ1,C266M,QFN50P400X400X80-25N_T245_DS,TI,U5_F0_DIG0,Pref,1,C266M,""6-Bit MUX/DEMUX, 1.65V to 3.6V, -40 to 105C"",TS3A27518ETRTWRQ1,TI,C266M"
